1.67868,0.953783,1.17005,1.66858,0.980029,0.319958,1.15504,1.73327,1.29039,1.79695,1.85151,1.32891,1.5706,1.52934,1.9477,1.15988,0.428181,0.840164,1.10586,0.612919,1.24712,0.608163,0.851322,1.41837,2.06666,2.24439,0.870973,0.450782,1.38957,0.878336,2.07816,1.66308,1.29236,0.709294,0.387967,0.50184,2.03252,1.46502,1.40657,0.558039,0.157715,1.0721,1.20649,1.263,0.0811007,1.35713,0.387568,1.35097,0.974175,1.02371,0.71729,0.651021,2.27341,0.509086,0.393402,0.519431,1.5201,1.93425,0.575667,1.06348,0.530192,0.948839,0.895161,0.444761,1.74544,1.03022,1.13046,0.419304,1.08339,0.552662,0.630997,1.29143,0.34063,1.24559,1.41977,2.06025,0.842204,0.710462,0.209822,0.542704,1.24935,1.50307,0.527858,1.22943,0.831802,1.38379,2.51872,1.21928,0.6235,0.990016,2.16335,1.2693,2.23703,1.69991,1.28747,0.410504,1.80792,0.935589,2.11288,0.336269
0.332286,1.10798,0.687568,0.579572,0.875042,1.00396,0.640772,1.78622,1.09822,0.535758,1.12798,1.00297,1.88372,1.01527,0.951381,0.485701,0.878498,0.817601,0.297581,1.16895,0.295912,2.64934,0.952996,0.589605,0.990498,1.71028,0.992584,1.65168,1.12453,0.75886,0.74678,1.78821,0.999872,0.70409,1.07937,1.22624,0.832824,0.509646,1.36367,1.05368,0.261084,1.15109,1.473,0.285921,1.60758,0.601224,0.397097,1.40367,1.24415,1.46386,1.28209,0.374803,2.46449,0.46438,0.568301,0.349247,0.317391,1.45302,0.0654144,0.226948,1.40549,0.628618,0.856541,0.71906,1.5901,0.607958,1.94792,1.56048,1.72032,2.05014,1.93925,1.75919,1.86055,0.749438,1.78119,1.57531,1.02449,1.45387,0.703468,1.21453,0.903826,1.39154,1.81586,1.54391,2.15075,0.867435,0.822936,1.19346,1.15307,1.71879,1.04993,0.620151,0.55881,1.20654,2.35603,0.452057,1.83076,2.00195,0.917079,1
0.699088,1.41449,1.66966,1.63783,1.88277,1.20115,1.14495,1.55941,1.48794,2.42248,1.49693,1.23805,1.02859,0.315313,1.47553,0.340255,1.3637,1.27408,0.527006,0.389109,0.64512,1.21687,1.0397,1.37372,1.17894,1.19008,0.633868,2.29382,1.3124,0.876096,1.09402,0.638651,1.65564,1.2494,1.03408,0.488648,1.29807,0.614426,1.23311,1.10136,0.188174,1.41321,1.12057,0.918529,1.95674,0.916238,2.0366,0.406762,2.03475,0.38117,0.789535,0.799312,1.08716,0.614588,0.609095,0.942156,0.558674,0.504906,0.700341,0.793913,1.09518,1.0486,0.586075,1.09621,0.852449,0.39114,1.81689,1.09902,1.31555,1.87555,1.00567,2.09614,1.49838,1.20835,0.960987,1.8001,3.96128,1.29983,0.831214,2.50919,0.672863,1.67607,1.85371,1.90582,0.780819,0.625335,2.52296,2.71972,1.73662,1.33502,1.43306,1.253,1.99362,2.58488,1.77784,1.33187,0.576973,0.763032,1.73737,1.57032
0.774142,1.69922,0.353929,2.25639,1.09178,0.649791,0.835209,0.636906,1.31658,1.72015,0.0779003,0.989662,0.626883,1.12171,1.17265,2.03729,0.812424,1.9592,1.4195,1.20352,2.09977,0.886364,0.710564,0.687494,0.94479,1.02686,1.48267,1.91872,1.26432,1.49332,0.633893,1.10813,0.31896,0.550709,1.35842,1.05949,0.22292,1.47957,0.56353,1.02934,2.01718,1.55269,0.722047,1.01438,1.5198,0.405245,1.52221,0.654796,1.015,1.86596,0.649835,0.796816,1.84214,1.6131,1.20305,0.70234,1.87942,1.13894,1.34208,2.26709,0.873339,1.10945,1.11797,0.813213,0.904045,1.92354,0.222605,1.50915,1.82667,1.59538,0.424217,1.5634,1.00279,1.79398,1.5856,0.447506,0.555318,1.34248,1.49079,0.840896,0.78974,1.22552,0.943521,1.03279,1.09608,1.40403,0.744799,1.73215,0.93955,2.59013,1.71229,2.19262,1.20891,1.63227,2.83237,1.64663,1.25775,0.842032,0.944252,0.500201
0.91157,1.58097,1.21043,1.30663,0.744548,1.18075,1.16527,0.549466,0.926625,1.11767,1.10134,1.4222,1.01301,2.19066,2.43534,1.79371,0.249078,0.82014,0.706958,1.31053,0.919766,1.69731,1.1405,0.852797,1.42931,2.01972,0.726514,1.73181,0.214899,0.50871,1.37983,1.04462,0.262336,0.191339,0.6304,1.82992,1.22683,0.861442,1.23664,1.04823,1.12019,0.676628,0.744256,0.343348,1.28415,0.696105,1.04346,0.95008,1.06383,1.34368,1.51176,0.705103,1.86274,2.61312,1.0242,0.566452,0.839828,1.0917,0.528908,0.954489,1.14558,0.61855,2.36665,0.378095,1.40945,1.95477,1.47235,0.203618,2.12806,0.985884,1.43651,1.87813,1.82407,0.981868,1.6135,1.37579,2.56238,1.32918,2.48942,0.814814,2.45135,1.00101,1.98906,1.45346,1.08729,0.193824,1.89908,1.17927,0.77119,2.74148,1.60616,2.34119,1.90261,1.06853,2.94217,1.09054,2.90016,1.17935,2.82681,0.799234
0.847448,1.29833,2.04689,1.91984,1.46147,1.60444,2.08406,1.24844,0.971563,1.80844,1.39861,1.80793,1.1527,1.19541,0.445037,1.30074,0.768291,0.989612,1.69812,0.274529,1.61397,1.29711,0.368685,1.46357,0.920216,1.41648,0.520178,1.45816,0.4023,0.596781,1.05309,0.878074,0.872093,1.18629,0.164792,0.0938792,2.11877,0.714218,0.468379,0.586757,0.530596,1.87775,1.53105,1.2677,0.579177,1.26209,1.84818,1.13842,0.82163,0.826922,1.49891,1.12131,1.14094,0.705312,1.21671,1.04976,0.623402,1.81669,0.334205,0.181906,0.520073,2.05884,0.255457,0.597506,1.96766,2.32277,1.36292,1.09832,0.127767,1.53753,0.881053,0.764448,1.79542,1.40084,1.65213,2.35394,2.49522,1.58619,1.47684,2.49351,1.35855,1.79941,1.70221,2.25859,1.23754,0.405624,1.14853,2.86972,3.01527,1.89759,1.45497,3.00877,1.70195,2.60265,1.49823,1.42821,1.56098,1.75215,1.57195,0.278209
2.16552,0.872263,0.795279,1.81054,2.13822,0.509736,1.6221,0.923755,0.600438,2.61953,0.768299,1.91184,1.6861,2.33686,1.24083,0.113384,1.0384,1.10331,1.27209,1.79281,0.936545,1.88499,1.0154,1.0372,0.206748,1.75276,0.995629,1.58061,0.772223,1.59086,0.283322,1.4795,1.7312,1.10771,1.32121,1.01927,0.857609,1.219,1.01805,0.0636554,0.810434,0.676988,0.309237,1.89781,1.02965,0.542496,1.95377,0.837123,2.24787,0.819271,1.18535,0.715365,1.17278,1.39006,1.53029,0.805548,2.05222,0.621888,0.95054,0.746872,0.358071,0.947643,1.77454,1.35923,1.32503,1.74019,0.773333,1.77647,1.43278,0.72754,1.64923,2.03406,1.76011,0.896097,2.34341,2.7106,2.72655,1.62253,2.39425,2.82275,0.944711,1.58784,1.76553,1.26923,1.48228,2.96825,1.986,2.43629,1.40878,2.03182,2.58463,1.26478,1.08377,0.274286,1.26093,0.853183,2.80491,1.2246,2.72054,0.896619
1.07626,1.18464,1.30166,2.70188,1.8228,2.32754,1.03599,0.527171,2.28867,0.790812,0.539774,1.76797,2.0438,0.633012,1.05694,1.47302,1.79975,0.526367,2.01116,0.982723,0.957247,1.31588,0.502739,0.507223,0.915623,1.07834,1.69726,0.446711,0.434796,1.94719,1.18516,0.963367,1.22787,0.165283,1.35716,0.892748,0.698087,1.5828,1.84248,1.06394,0.489746,0.43523,1.90578,1.69313,0.917392,0.430518,0.563153,1.27129,2.18842,0.95544,0.948275,1.02822,1.37052,2.68827,1.35889,2.54288,1.18538,0.75304,0.277675,1.95153,1.47493,0.520776,1.36479,1.6631,1.62158,0.43635,1.29552,1.43309,1.67407,2.77504,1.09885,1.72929,2.00948,2.36625,1.16104,2.33012,1.02271,3.10932,2.37649,1.69153,2.24841,1.56034,1.66901,0.111834,1.44562,2.20226,0.192343,3.05746,1.81118,2.13649,1.70529,2.3397,1.75114,2.43972,2.55759,1.6188,1.86405,2.98788,1.9728,0.847005
0.425184,0.800623,0.514052,2.26061,2.21753,2.65467,0.507881,1.28716,2.39444,0.245257,0.934932,1.15354,2.39574,1.69838,0.974735,1.93023,1.78905,1.39156,1.76698,1.00252,1.00423,1.31345,1.46976,1.10797,0.893766,1.22087,1.50832,0.780307,0.919036,2.49016,0.976693,0.496181,2.64172,0.898225,0.44751,0.928771,1.39957,2.37179,2.14361,0.897032,0.689863,2.21446,1.90487,0.628918,1.54396,1.56879,0.172318,0.765027,0.94578,1.55245,0.690654,1.60083,1.42411,1.93075,1.53591,1.23612,1.62443,1.97415,1.4578,0.798,1.28254,0.765896,1.13902,1.57135,0.517771,1.88857,0.993043,1.13847,1.69641,3.30808,0.851892,1.81453,0.566887,1.68403,2.68283,1.43971,1.53327,1.50468,2.45924,3.4153,0.626025,2.57771,3.38764,1.49156,2.88184,2.88016,1.38175,2.53617,2.12634,2.53806,1.95984,2.56619,1.68847,2.0321,1.73905,3.62716,1.27615,1.99054,2.89182,1.18056
0.925193,1.50652,1.79975,1.00537,1.64901,0.797109,0.979588,1.82568,2.22841,0.493412,1.33108,0.643659,0.972258,1.31028,1.61965,0.48009,1.96834,0.863723,1.7936,1.18393,0.981281,1.43512,1.41745,1.51905,1.46957,1.52017,1.72719,0.525455,2.60468,0.423504,0.953316,0.676121,0.696622,0.143568,1.57877,0.401559,1.07687,1.58527,0.732543,1.31802,0.762109,0.863126,2.48387,0.828702,2.20406,1.38009,1.34935,2.45235,0.825471,1.19636,1.62342,1.37138,1.13559,1.94295,0.761652,0.909724,2.14052,2.14414,1.58577,2.37456,2.03904,1.81976,0.863061,1.73205,1.0865,2.59758,1.37944,1.67002,2.13886,2.44392,1.71219,0.32913,2.32931,3.08444,2.76002,1.97667,1.86487,0.861867,1.27717,2.25831,1.68863,3.29501,2.08967,1.88016,2.22502,2.58755,1.75497,2.76913,2.22417,2.08121,3.07342,2.21915,1.93627,3.33802,3.2556,2.52827,1.67771,2.5467,1.46826,0.678138
2.19252,1.79605,2.03703,1.88899,1.97861,1.28582,1.30857,1.71215,2.24616,1.17681,1.24092,1.17996,1.58162,0.680767,1.41428,0.951065,2.00803,0.431259,1.6174,1.12167,1.85803,1.76768,0.522382,1.47747,1.17377,0.879645,0.478406,0.303069,2.74433,0.953032,1.08124,1.6523,1.26794,1.60394,1.79558,1.19261,1.17022,0.0516828,1.01747,1.08425,1.52052,1.64843,1.32174,0.285887,2.22521,1.64276,1.16703,1.00576,0.998041,0.802757,0.498118,1.66947,0.667224,3.56755,1.93536,1.8892,1.66384,1.12679,1.21137,1.49961,2.16211,2.15116,1.35054,1.71747,1.5246,2.55556,1.439,1.59091,1.66359,1.39755,2.9286,1.29769,1.61347,1.94924,1.8276,2.68181,3.35546,2.54374,3.19112,3.16359,1.79328,2.68116,1.53637,2.68231,2.03728,1.41524,3.91425,2.40338,1.72273,3.32395,3.154,2.2711,1.93246,2.79348,2.64718,2.51143,3.15704,3.3916,1.93304,1.29807
1.61784,1.50343,0.519831,2.94713,1.86262,0.68775,0.687443,0.592681,1.23471,1.65537,0.55937,1.04346,0.592515,1.94527,1.2758,0.881417,2.29653,1.50155,0.75398,0.173102,0.540817,0.692663,1.4275,1.6602,1.57696,0.915084,1.06591,1.8845,2.09011,0.498643,1.03168,2.03818,0.923034,0.852321,1.3629,3.11585,1.72528,1.91337,1.82606,1.07591,1.12743,1.50113,1.31526,1.04291,0.702217,1.31095,1.34676,1.91843,0.898401,0.99354,1.18036,2.23044,1.24423,2.1389,2.86318,0.567094,1.6593,1.23789,1.50845,1.12292,2.78882,1.81347,2.43298,2.13344,2.60754,1.26752,2.66953,0.404729,1.8,2.35873,2.55382,2.82872,0.853255,2.76458,2.78163,3.99581,3.48365,2.22667,1.91624,2.06088,3.31081,2.51769,1.93842,0.870573,2.71355,1.24291,2.20025,2.52932,3.75493,3.58056,2.6276,4.48969,3.29177,1.76285,3.33288,2.31927,1.19063,2.00366,2.50591,1
1.35787,2.93055,2.43912,1.54567,2.21536,0.310204,1.29389,1.23713,2.05454,2.54115,1.56163,1.11631,2.05634,1.03672,2.82362,3.25808,0.468831,1.56267,1.50641,0.379289,1.05069,2.27947,1.91026,1.43993,1.17585,1.13182,1.86871,1.88909,2.28784,1.16883,1.0386,0.609685,2.20728,1.20671,1.00105,1.50014,2.6169,0.743402,0.892989,1.85713,1.59509,1.71279,1.72318,1.44916,0.734436,1.77538,0.930887,1.08476,0.879391,2.69604,2.10391,1.40496,0.599912,2.57186,1.66317,0.949984,1.17729,0.948445,1.89894,1.75908,0.805753,1.95237,2.16372,0.588441,3.60775,2.43527,2.37256,2.67072,3.65053,2.02318,2.75136,1.45018,2.55056,2.46887,2.8381,2.81582,2.17717,2.09177,2.71342,2.14152,3.79967,2.15794,2.36831,3.14441,2.00272,2.72192,2.21661,2.93635,2.81937,4.05286,2.87052,3.43909,3.02628,2.62983,3.01554,4.07217,2.81992,3.11977,3.21859,0.5307
2.46188,3.30018,2.0539,1.85775,1.55248,2.86182,0.528469,1.44597,2.318,1.1206,2.76577,0.852632,0.738446,1.39433,1.95076,1.83443,1.12578,1.26479,2.82811,1.98875,2.62041,2.3522,0.602257,2.24165,0.895186,0.4233,0.966827,1.30759,3.10187,1.77055,1.829,1.26549,0.475223,1.59545,1.63602,0.659993,1.37783,0.765431,1.29821,2.032,0.552718,0.437531,2.72338,2.3861,1.33554,2.20116,1.16066,1.51801,1.30359,0.833617,1.91501,1.97974,1.66371,2.39038,1.28041,1.42303,1.84251,2.05009,2.48511,0.974539,1.90378,2.63958,1.68873,1.70599,2.62685,2.80008,3.70114,2.88469,2.70702,2.25554,3.43365,2.40468,2.59632,3.295,2.24835,2.00807,0.212109,3.10091,3.04262,3.77636,2.85578,2.98662,3.06738,3.01622,2.26129,1.18256,2.26492,3.09256,2.00377,3.51717,4.05219,2.4368,2.62671,2.93518,4.08944,4.05447,2.92256,2.76498,2.74835,0.380908
3.74614,3.10632,3.68485,1.90124,1.22095,0.798243,1.25767,1.36067,1.18468,1.2225,0.742361,0.54156,2.85322,1.95821,2.59103,1.51478,0.749322,1.23937,1.75571,1.01463,0.958544,0.450998,2.641,0.531991,1.57039,2.01338,1.81378,1.48252,1.61168,1.74171,1.49007,1.65431,1.5934,2.49637,1.13427,2.31183,1.90783,1.25734,1.89399,1.55811,1.54543,2.47406,1.70508,2.2256,2.42719,1.8841,1.01712,1.56553,1.44069,2.24079,1.6661,3.27966,1.55644,3.56456,3.03992,2.49359,2.60594,1.41223,1.47452,1.87369,3.1053,2.39445,1.79783,2.18528,1.13465,3.75292,1.61607,2.86137,2.27071,2.57187,3.40154,3.21706,2.59986,1.88506,3.08858,3.54233,1.89615,1.98263,3.4181,1.6476,3.59111,2.82184,3.04446,1.92903,3.38766,2.66272,3.19403,2.15143,4.70227,2.22309,3.22264,3.22354,4.19189,4.16456,2.50018,5.2526,1.71255,3.05796,3.54785,0.482916
6.72876,3.35522,3.88275,2.13641,2.4548,1.50518,0.489853,2.78377,1.8486,2.17373,2.74234,1.08226,1.04398,3.30999,2.89606,3.37287,3.57479,2.60438,3.46135,2.20554,1.66827,2.37601,1.61549,1.63321,1.65459,1.64414,1.84672,2.1954,1.45182,0.393397,2.0514,1.89111,2.61419,1.84301,1.79961,1.68116,1.88304,2.77773,2.95454,2.50728,0.377137,2.77963,2.03632,2.36993,1.55776,1.07283,2.0752,0.585238,2.33739,2.42881,2.17624,1.2025,3.21701,3.24606,3.35085,2.74922,2.47884,2.44006,2.614,2.40689,2.68605,2.04059,4.32662,2.55157,2.19402,2.05814,2.5307,2.63548,2.32417,2.83818,2.55834,3.67241,2.49122,2.7854,2.61028,2.96495,3.11144,1.73751,2.39492,3.93817,2.94827,2.95139,2.66243,2.72128,3.43073,2.82358,3.8646,3.74022,4.63601,2.14778,3.57038,2.80154,4.06843,3.67897,3.37663,3.04091,3.42427,4.82383,4.54948,0.783196
7.64242,5.65954,2.93467,1.80574,0.892004,3.19467,2.20377,1.72308,2.42729,2.69131,1.5362,1.13638,2.62568,2.18552,2.70468,3.36766,2.4203,1.01704,1.54308,1.5241,1.22895,1.9983,2.54871,1.85595,2.44735,2.50732,1.59511,1.67858,2.62888,1.91136,0.553796,2.99454,0.921669,2.79495,1.95984,1.5139,2.08404,2.31962,1.79389,2.39199,1.86388,2.51328,3.03504,2.69004,1.94199,2.69484,1.10891,1.51903,2.37953,2.74267,1.97431,2.2259,1.21163,2.18991,2.7711,2.43092,2.2514,3.11559,1.91594,3.44818,3.24251,2.32447,2.79987,2.96806,2.8851,3.28814,3.29785,2.22027,3.56035,3.04212,2.93001,4.19897,2.93326,3.09294,2.45971,4.09281,3.63271,3.18897,3.80854,3.71322,3.39536,3.04457,2.20848,3.35686,2.67249,3.55966,4.30504,4.01686,4.86887,4.30353,3.17524,3.62183,4.55566,3.36388,2.22699,4.92346,2.89971,4.51443,4.84639,1.23133
7.90045,6.69535,3.61674,1.82337,2.0779,2.34727,1.91462,2.47869,1.99603,1.44199,3.19762,2.96405,3.34273,4.39791,3.35431,4.15953,3.84462,1.26632,3.01221,2.77139,1.84375,3.11969,2.61246,1.177,2.92584,2.54715,0.961299,1.45566,1.53959,1.84998,3.31276,2.808,2.04183,2.22644,2.03676,2.56203,3.43137,2.66809,1.18644,3.06319,3.02893,2.07665,1.31565,2.66063,1.84135,1.02357,2.86316,2.07904,1.80587,3.49466,1.05448,2.80436,1.63839,2.20339,2.79577,1.45723,1.80889,2.0974,3.02993,3.3104,3.74182,2.43415,2.39413,3.48961,2.46593,2.50479,3.64385,2.5001,1.89042,2.40661,3.70376,2.89032,2.34924,3.44945,3.33628,2.94447,3.2774,3.48407,3.6991,3.33834,3.37694,3.65084,2.4498,4.39683,2.13007,3.22021,4.42571,3.98699,4.72462,4.66278,4.32099,4.61032,4.99331,3.6854,3.88127,3.78091,4.50572,4.57872,3.8447,0.464336
9.88953,5.82309,3.7411,0.718747,0.534085,2.09574,2.84487,3.04789,2.3897,3.49794,3.6086,2.96738,2.43147,5.1948,4.37691,3.6596,3.80179,2.45117,3.13341,2.89789,0.760889,4.04602,3.52598,2.49435,2.31816,3.15976,1.05308,3.90227,2.77006,2.00416,1.85103,1.79626,2.40533,2.97808,2.36987,2.75072,3.67645,3.35232,2.0586,2.05532,2.43183,3.24957,1.77642,2.46364,2.89806,3.4077,3.54042,2.5612,2.49691,2.36461,3.3391,2.30214,2.21194,2.12056,2.54605,2.22391,2.31457,2.41927,2.22049,2.71669,3.4337,2.47394,2.93949,3.35083,2.92366,3.90441,2.35443,3.2981,3.05532,2.97947,3.42507,2.7096,2.24454,3.11796,4.24431,3.45335,4.22669,4.21258,4.0674,4.46162,2.86291,3.09996,3.36243,2.90221,3.62807,2.95481,2.3165,3.90052,2.82968,2.87774,4.15057,2.65694,4.58379,3.69128,4.06117,4.01408,2.50602,4.26888,3.40129,1.41386
11.4773,6.1549,3.46533,1.66748,1.53651,2.50779,3.70709,2.62185,3.06756,4.42547,4.93222,4.47407,5.38232,4.693,3.56384,5.2129,3.85405,3.63069,3.79231,3.83011,4.34925,4.36115,4.39853,3.42391,2.30762,4.92978,2.38789,2.63452,3.6905,2.35754,3.09559,3.64005,3.46396,2.99605,1.75276,2.51212,2.20838,2.98165,1.94389,3.29281,2.52036,3.15717,2.414,4.08617,2.77945,3.23302,2.43829,1.73512,1.93804,2.63692,3.57584,1.98489,2.19185,3.16215,2.78242,2.45028,4.29734,3.76437,2.07437,2.79823,2.0756,3.07187,2.86058,3.50575,2.75898,3.05029,3.48606,3.65458,3.60157,3.49023,4.62837,3.4344,2.41524,3.49131,3.90841,2.78226,4.44949,2.5069,3.51096,4.22125,2.99416,4.61963,4.44032,3.16579,3.02771,3.78438,3.14774,4.15637,3.43234,5.58888,4.30935,5.74668,3.94051,4.94814,3.71316,5.01284,3.58317,3.43177,3.76492,0.765553
9.89853,4.11695,2.64908,0.927297,3.16371,5.14996,5.65336,4.97154,4.41736,5.32475,4.80133,3.977,4.13099,5.58577,5.21304,4.37866,3.98088,3.77668,4.42051,3.49859,3.34157,5.34375,4.28855,4.58352,3.22883,3.3014,3.05975,3.63335,4.57196,2.76301,3.32674,4.49809,3.6998,3.36167,1.6758,3.1497,2.79037,3.83705,1.93457,2.14217,3.40314,3.41422,1.95049,2.79653,2.17961,2.80404,3.60665,3.07287,1.78279,3.0224,2.12823,2.66324,3.35753,3.46597,2.69684,3.71174,4.27846,3.41338,2.09562,3.38485,3.23891,2.64292,2.09126,3.91576,3.45394,3.35413,2.48522,3.44931,3.57302,3.15,3.9855,4.18541,4.57059,2.99455,2.8804,3.53459,4.08362,3.19382,4.3415,4.24738,4.20422,4.74709,4.06374,3.83077,2.79854,4.33174,2.68347,4.7607,5.31138,4.08611,3.96713,3.69362,4.78775,2.75486,5.09698,4.59896,4.56647,5.09154,4.01584,1.67666
7.26349,3.19854,2.87987,1.92575,3.16606,3.43217,5.97232,4.8443,5.63236,5.64484,5.8763,5.26644,6.06661,5.72911,6.56535,6.01618,4.04879,4.54625,5.53789,3.41577,3.61031,4.50894,4.24182,4.68138,3.07096,3.75761,3.91312,3.92802,3.99623,3.40684,3.19105,4.23296,3.12616,2.90389,3.82857,1.85804,3.33268,4.01244,2.50359,2.28063,4.0033,3.81045,3.1117,3.29789,2.28569,2.6284,2.19667,2.51714,2.0304,3.4722,3.74406,2.83958,3.3283,3.81809,3.66958,2.73265,2.87863,2.02846,2.68479,2.98858,3.63496,3.45241,3.8574,4.20898,3.31004,3.02699,1.42169,3.53765,3.65749,3.61472,4.25979,3.66221,2.48497,5.52877,4.38328,3.53643,3.64505,3.10134,4.7796,3.57505,4.46796,3.83111,4.39698,4.59513,3.79339,3.98802,3.11648,6.12332,4.81566,4.93056,4.51139,5.17192,4.35372,2.93761,5.18924,4.36256,4.09611,4.4834,3.07221,0.612336
5.09749,2.68975,1.63957,1.97462,4.7815,5.08321,5.04671,4.95987,4.98974,5.94663,5.8179,4.51391,4.72244,5.91862,6.51018,5.54345,5.89503,5.84599,5.45944,5.84823,5.36442,5.08478,5.14365,4.00658,3.79307,4.9308,2.62675,4.1345,3.84164,5.04748,3.93106,4.27149,3.57325,2.72996,3.63405,3.54998,3.7059,4.59211,3.81372,2.84472,4.32572,3.353,2.65439,2.88665,2.91969,4.01603,3.52571,3.55648,4.05283,2.31942,1.36819,2.07173,4.02248,4.33157,3.33373,3.32343,3.67891,3.59618,3.81158,3.32241,5.04453,3.38714,2.02409,3.7211,3.80382,3.10475,4.12425,3.55609,3.30651,3.66505,3.29729,3.76577,3.9131,5.16341,4.48008,3.49659,5.34314,2.79696,3.54398,4.82632,4.30414,4.0101,4.56081,3.70524,4.20117,4.45206,4.13915,4.7057,4.30046,3.96882,4.13135,4.43798,6.13233,3.38058,5.89406,5.02251,4.66509,3.25725,3.41675,2.43067
3.92959,3.47298,2.71359,2.25053,3.51684,3.66064,5.30946,4.89344,5.30288,5.85108,6.03559,6.00457,4.4018,5.80607,6.72359,6.0775,5.097,4.38949,4.59266,4.66223,3.53866,5.14033,5.11034,4.62987,4.79028,4.58273,4.37912,4.14194,4.74147,3.86252,4.31991,5.53727,3.66613,4.17914,3.02548,4.33332,3.11296,3.13614,2.46742,3.72177,3.14284,4.22767,3.17972,3.31021,3.43828,3.55247,3.87205,3.08906,2.72494,3.88023,3.11505,3.163,3.45119,2.99077,3.6946,2.6807,3.96587,3.09412,4.0436,3.84244,4.17258,4.60093,5.43217,3.02901,2.50002,3.72634,4.21182,4.32691,3.47826,3.84138,3.19197,4.07188,3.6493,4.11665,3.49732,3.86042,3.5568,4.5106,3.7594,4.26304,3.16703,3.60609,4.39031,4.10814,4.63565,4.90693,4.85989,5.05914,4.64946,6.06913,3.70307,5.06415,4.0487,3.85189,4.28015,3.57268,3.67075,4.71217,3.71949,1.68012
2.32553,1.28133,3.45214,2.1166,2.28935,3.68186,3.92514,5.01312,5.71317,4.30551,5.65137,4.81164,4.83072,5.59492,6.19507,5.16959,5.3792,4.96731,6.40007,3.80383,5.41454,4.73082,4.7013,3.96029,4.20904,3.81651,3.97684,3.38973,4.15026,2.84161,4.78757,5.05414,5.25992,3.80523,3.6377,4.09624,4.01554,3.85151,2.48641,4.20555,4.56934,3.84137,2.92923,3.94817,3.06204,4.27997,2.70626,3.58196,2.38879,3.09559,3.20655,2.99225,3.25648,5.19368,3.20143,3.17189,3.02661,4.06394,2.69328,3.39429,3.90867,4.03402,4.70535,3.06143,4.03971,4.30398,3.50922,3.62251,5.16893,2.74911,4.78905,4.36257,3.18831,4.23207,1.72236,4.29047,4.68852,3.60801,4.74362,5.02798,2.58258,3.66262,4.75087,4.60955,4.70095,3.92007,5.04779,6.0174,4.01214,3.20091,2.86329,3.57578,3.71441,4.77202,4.76281,4.97772,3.98586,3.76509,3.92369,1.46103
2.0183,1.78539,2.22895,1.36194,1.50836,1.8899,3.43931,3.71963,5.07718,3.91419,4.44023,4.78477,5.50729,4.84528,5.785,6.59106,5.13913,3.95206,5.11811,4.13241,4.54127,4.29935,4.33962,4.02054,5.04737,5.12215,4.67676,3.85081,4.60256,4.05469,5.5743,4.02371,3.00611,3.74261,4.20678,3.28056,3.63679,5.09117,2.51035,5.25833,3.74272,4.27412,4.18715,4.1319,4.88632,3.17976,3.44805,3.81251,3.56044,3.43639,2.92009,2.33691,2.81017,4.01113,3.19399,3.65324,3.74831,2.56794,2.98099,3.94504,4.4211,3.93549,3.69444,4.31246,4.07841,4.02362,4.29345,3.82559,4.65907,2.95633,4.27466,5.09537,3.00541,3.72315,4.88935,4.10462,4.24533,4.87712,3.96779,4.82312,5.09626,4.74735,4.28412,4.05848,3.13577,5.72611,4.2418,5.83448,5.26028,2.5797,4.82971,4.64233,3.27601,4.28325,5.81236,3.7316,2.07669,3.39369,3.33356,0.871142
0.618705,0.939501,2.30586,1.0759,1.05406,1.82796,3.08026,3.26939,3.6231,3.29319,3.60164,3.41937,4.07161,5.00383,3.78812,4.64514,3.05312,5.784,4.08261,4.92566,6.54403,3.76472,3.52252,3.94672,3.88898,4.41779,4.1419,4.62908,4.22818,3.97215,4.13145,3.67232,4.67985,4.91928,4.97725,3.50963,3.96609,3.85396,3.90294,5.70849,3.53312,3.24187,3.93508,5.79698,3.58995,4.04381,3.85774,3.65069,4.00497,3.47087,3.13157,3.53085,3.80508,3.89865,3.69066,4.38525,3.05566,2.87265,4.43942,4.36376,3.99608,3.3887,3.16334,2.56285,3.57727,3.0491,3.06035,4.04183,2.74019,4.1472,4.47948,4.51306,4.52882,2.97872,2.94561,3.36991,4.84885,4.22623,2.7718,5.30004,2.8458,3.36371,3.95953,4.03845,5.32186,3.21122,3.74829,5.59628,4.40213,2.88708,3.97635,4.57921,3.73787,3.33621,3.70488,3.95055,3.90531,3.9529,3.60855,1.7226
2.60252,0.477987,1.8616,1.4137,1.63289,1.13786,3.04204,4.02633,3.46883,2.17939,3.67513,3.31926,4.37815,3.59856,4.52476,3.9979,3.77291,3.78636,2.80066,4.49148,3.73154,4.88743,3.67278,4.16454,3.30366,5.56071,3.08211,4.45911,4.7899,4.15045,4.85999,3.6863,4.10937,5.23123,3.72662,4.10653,4.55484,4.62189,3.50373,4.44561,4.26736,3.30755,3.23781,4.16243,3.88126,3.14583,4.26287,3.34904,4.12196,4.00118,4.20688,3.57216,3.82126,3.16265,4.10199,2.42139,3.96171,3.66407,2.5918,4.07112,3.64352,3.85561,3.83074,2.97793,3.70376,3.96993,4.43776,4.82815,4.45697,4.38803,3.96458,4.61712,3.5254,5.18073,3.39142,4.14122,3.99232,3.85876,3.69284,4.86849,4.89962,4.25138,3.92222,4.70112,4.48493,4.5449,4.52907,5.24569,3.70039,4.1759,3.82873,3.55957,4.22167,4.2431,3.96121,4.43589,3.15113,3.45401,2.94069,0.753663
0.656849,1.27737,0.946973,1.54069,1.24444,1.59209,1.74726,1.97378,3.44916,3.74653,3.89411,3.303,3.40254,2.67205,3.60979,4.60822,3.53167,3.99893,3.59582,4.77914,2.24839,2.49151,3.66363,3.81349,3.16216,3.76637,4.44134,2.16086,3.03437,3.24104,3.47366,3.97898,4.15329,3.78084,4.97932,3.3291,3.45939,3.4291,2.84944,4.16687,3.33604,4.54984,3.78194,3.7133,2.24996,2.60965,3.32025,3.30358,3.99379,3.01152,4.08674,1.97496,3.95043,3.92093,3.70761,3.24188,4.26499,2.56465,2.86867,3.81371,4.16993,3.21666,3.47711,2.56707,5.15184,2.95662,3.65535,4.04534,4.05704,2.91897,4.27939,4.37538,3.23228,4.01818,4.09703,4.9046,4.39588,4.3371,3.99125,3.75719,3.59654,3.38804,4.1875,5.22372,4.57135,3.80537,4.42259,5.66252,4.74608,3.60305,3.91775,4.73876,4.56886,2.81876,4.09547,2.87361,3.79297,4.10538,2.2017,1.00529
1.95607,1.93696,2.29205,2.20172,0.38417,1.74718,3.58155,3.12093,2.54237,2.99309,1.93552,3.07052,2.02382,3.76467,2.58387,2.85154,3.75477,2.30389,3.83552,3.69441,2.74506,3.32123,3.0218,3.30429,3.45946,4.1898,4.39939,3.92186,2.80012,3.16727,2.53775,3.44592,4.38486,3.91723,2.22828,4.45334,3.02208,3.13809,3.55218,4.16382,3.62658,2.07166,3.91265,3.8722,4.1529,4.57574,4.17537,3.44158,3.82215,4.17091,3.38023,3.10868,3.38404,3.81118,2.16314,3.48886,2.12648,3.36034,3.69174,2.87565,3.46436,3.83695,3.75856,3.74878,3.9725,3.11586,2.87213,3.02727,3.60055,3.72025,3.88253,4.66518,2.14366,4.16152,4.40193,3.79457,4.69996,4.61264,2.97255,3.16207,2.94392,3.33872,4.77531,4.27237,4.48221,3.48218,5.47935,5.177,4.77177,4.84841,4.91904,3.69173,3.8233,3.64053,5.19198,3.26695,4.0287,4.5148,2.15344,0.486368
1.2339,1.38255,1.8581,1.91163,0.883675,1.29381,2.14905,2.11369,1.44004,1.71807,2.50731,2.97128,2.60897,2.31895,2.51483,2.36256,3.17001,3.12416,2.81693,2.47146,3.75291,4.00119,3.56651,3.30113,2.94561,3.28899,2.61823,2.4967,3.92228,3.41184,3.54674,3.10004,1.62289,3.87604,4.32394,2.67565,3.08096,3.08325,2.3752,4.30209,4.02083,2.15889,1.63737,3.20422,5.06599,3.70592,3.13047,4.70749,3.76808,3.98267,3.89277,3.48781,3.0007,3.51601,3.04007,4.22336,4.58984,3.14287,2.41375,2.5793,4.72371,4.58165,3.90122,3.36655,3.27609,3.23989,3.60457,2.85439,4.26899,3.3697,3.48362,3.682,4.25329,5.33997,3.58003,4.41359,3.89999,2.96826,4.97083,3.56564,3.90667,3.31359,2.75298,2.9528,2.93708,4.69268,4.45242,3.61196,5.1346,4.70029,4.17722,2.84009,2.53986,3.52767,3.13849,4.06135,2.89281,3.74174,3.04146,1.62595
1.65451,0.89692,1.43851,1.27667,2.09338,0.5729,0.472713,0.937836,0.883951,3.07209,1.68513,2.84772,2.06125,2.56847,1.6284,2.75638,2.79655,3.72502,1.61535,3.00544,3.77664,2.74887,2.28468,2.44607,3.01228,1.96285,4.33689,2.88464,2.31285,1.66704,3.08839,2.78698,2.89235,4.50147,2.95088,2.97464,4.23967,3.21177,1.72446,1.8857,2.99272,2.7897,2.63167,4.10202,3.74289,3.72431,3.26553,3.82466,2.66204,4.87846,2.14949,2.10012,2.52024,4.17682,3.66455,3.49386,3.78303,2.4535,2.28944,3.03961,3.75765,3.0869,3.11946,2.65515,3.15585,3.52567,2.73704,3.90774,3.63347,3.16108,3.42142,3.16939,4.41783,4.34914,4.2725,3.59732,3.87163,2.9049,4.06647,3.76062,3.88246,1.60697,3.78624,2.67232,4.69904,2.80283,3.12985,4.21643,4.06726,3.33,3.286,3.89422,3.83472,1.84821,4.7682,2.73047,2.17033,4.35236,2.47756,0.440735
0.551387,1.63717,1.25662,0.593729,1.29788,0.260087,0.515771,1.40162,1.29114,2.47128,2.33569,2.38832,2.30478,1.3822,1.97275,2.88677,2.87591,2.67344,2.10169,1.00658,4.37138,1.08443,2.06612,2.46644,2.17141,3.04118,2.55515,3.15282,2.36799,2.81113,3.86868,2.1978,3.43253,2.61898,3.25267,4.17553,2.93842,2.26309,3.74118,2.32212,2.79554,4.61784,3.36093,2.08695,3.84696,3.998,3.67885,3.83941,3.45876,2.25072,2.94127,2.1628,3.05271,3.28396,3.2151,4.00587,2.86806,3.20112,1.47936,2.5813,2.93706,2.32144,1.65124,3.0799,4.10913,2.76388,3.27445,3.97247,2.69779,2.14714,3.68464,3.58988,3.99896,3.99558,2.74863,3.35649,2.97262,2.14538,3.26503,3.4881,2.76391,3.10062,3.5548,3.57749,3.58693,3.45177,4.18998,3.64414,3.14732,2.13811,4.2077,3.29106,4.29854,2.94811,3.07522,3.5829,2.80867,4.48625,2.16613,1.27792
0.445458,1.67949,0.309547,0.893279,0.233002,2.25129,0.345224,1.06436,1.94858,0.498864,1.30877,1.72148,1.72587,2.52524,2.38525,0.940105,0.564674,1.05828,2.16903,1.86975,1.11836,3.58847,1.10029,2.51074,1.50527,3.61681,0.743724,1.94408,2.04081,2.12349,1.8007,2.61564,1.16138,3.66421,2.11242,2.21549,2.82429,2.40534,1.86529,2.50982,2.17317,3.60711,3.50294,1.61631,3.10174,3.11376,3.2905,4.13442,2.5352,3.49086,2.20776,3.33058,3.43473,3.01463,3.36463,3.42755,3.34991,2.59601,2.44859,3.07507,1.85391,2.65426,3.88148,1.354,3.82704,3.47624,2.68616,1.92266,2.20163,1.91834,2.77637,2.72909,2.60298,3.53864,3.01151,3.10168,3.55119,4.0053,2.47934,2.52677,3.48974,2.18798,5.25274,3.75493,2.8744,2.85054,3.7123,3.93224,3.85518,3.0047,4.12532,3.94542,4.24602,2.01267,1.69918,2.99125,2.79252,2.52646,2.03363,0.775944
1.84347,1.2096,0.283284,0.641443,0.585056,1.46809,1.29562,1.18053,1.97543,1.7439,1.8677,2.24743,1.57381,1.68517,2.26151,1.51315,2.42701,1.34499,2.37714,1.79783,1.79575,2.30117,2.37615,1.58566,0.837968,2.98558,2.68369,2.31699,3.43958,2.42583,2.73975,3.13369,3.18863,1.87053,2.08854,2.36972,2.41667,0.844355,3.58997,2.4721,2.95389,3.07629,1.70955,2.70527,2.27337,2.14523,3.07741,3.09893,3.04209,2.83123,2.67232,2.4748,2.15693,2.10504,2.6979,2.66282,3.23949,1.59362,3.37535,2.97598,3.8516,2.6824,2.77511,2.37493,2.37466,2.33714,1.61362,2.2776,1.84608,2.44613,3.63559,2.7743,2.84797,2.82518,2.2935,3.6222,3.91685,3.04078,3.71744,3.3487,1.25472,3.78476,2.78148,2.33312,2.5246,1.97674,3.37284,2.29281,2.29353,3.8867,3.1985,2.45118,2.21304,3.36253,2.77095,2.01488,1.65187,2.603,2.16172,0.655508
0.674672,1.84503,1.66614,0.745667,1.96949,0.561458,0.853682,1.50101,1.30098,2.69688,1.73321,2.69188,1.96681,1.09013,1.78487,1.41516,1.58774,1.29543,2.15369,1.3808,1.56113,3.35533,1.32787,2.34276,0.902826,1.81969,2.4708,1.57625,2.04996,1.48562,2.04183,2.51569,2.00749,2.72306,1.47097,3.32342,2.46866,1.58,2.13943,2.0178,3.34896,2.43662,0.734223,2.21826,3.06163,3.04891,2.61175,3.78612,3.42443,3.31592,2.04055,2.37261,2.29269,1.6392,3.23817,2.08138,1.2251,2.80794,2.0957,2.52932,2.59747,2.48817,1.31696,2.52262,2.20963,2.95458,1.76359,1.50352,1.77936,2.26958,3.00283,3.6541,1.80497,1.99651,2.5643,3.04669,2.64818,4.05939,1.65323,2.41761,2.88884,3.02422,1.73626,2.83633,2.50205,2.51761,2.42166,4.15568,2.26236,2.80396,3.28242,2.90575,3.05647,1.70337,1.7951,2.38182,2.37116,1.58702,1.10277,0.794853
0.707334,0.773449,1.40424,1.38614,1.20026,0.742746,1.40391,0.600278,1.19418,1.28048,1.0603,2.50595,0.0686989,0.793292,1.94391,0.957269,1.34407,1.2744,2.6546,2.43502,0.940961,1.71654,2.59137,0.745043,1.5725,0.831462,0.861069,1.24661,1.3178,2.6162,2.28929,1.31703,1.99525,3.44523,0.977064,0.746891,2.04821,2.30875,0.430398,2.16935,2.88572,1.90123,2.30827,2.84421,4.4592,3.58418,2.87114,2.94314,1.94628,2.17614,1.74159,3.66941,2.87727,2.43668,1.4474,1.83762,1.3453,1.58914,2.59148,1.62214,2.90809,2.28729,2.44509,2.44327,1.23451,1.92028,1.98074,2.905,2.98196,2.64462,3.29526,2.26328,2.53192,3.98317,1.5744,2.41089,2.4116,2.09427,2.2728,1.91477,0.9537,1.7089,2.84584,3.04472,2.25464,1.98065,2.50285,2.66489,1.82196,2.41102,2.87725,2.68093,3.21062,2.03093,2.97428,1.35017,0.851267,2.43381,2.51067,1.23584
1.70912,0.868709,0.499679,0.806508,0.590412,3.05545,2.16958,0.435214,1.21271,2.97106,0.657147,0.961657,1.40061,2.02646,3.24558,1.83639,1.3927,1.05659,2.55574,1.87355,2.02176,1.50309,1.09401,1.41806,1.85538,1.04958,0.97943,1.15004,1.58639,1.95997,1.33829,2.48689,2.2834,1.61018,1.34347,2.60884,1.97853,1.84498,0.495618,1.91862,1.34643,2.15297,0.887217,1.18808,2.42099,2.77552,1.78302,2.07937,2.1449,2.28841,1.48669,0.88237,2.93383,2.24638,3.04503,2.38798,2.68002,2.04022,2.29823,2.39607,2.0993,1.71973,2.24448,1.43909,2.02694,1.64187,0.862444,3.27,2.38908,1.22181,1.11035,2.19669,2.05924,4.48198,1.66966,2.00761,1.64983,2.03456,2.5627,3.49455,2.42703,2.29916,2.69468,2.98937,2.26002,3.31082,2.75083,3.55446,1.85979,3.24746,2.89272,2.20724,3.03191,1.09063,1.61998,1.47193,2.36426,2.41727,2.33925,1.18962
0.577132,1.78153,1.08841,0.693393,0.990846,1.2382,1.78695,0.788064,0.160029,1.22861,1.9227,0.887841,1.19819,0.924768,2.44012,2.51437,0.775048,1.29311,1.04095,2.21029,2.30491,2.42626,2.52241,2.17315,1.74159,1.68447,1.64569,1.68952,1.20506,0.685601,1.49383,1.94669,2.24195,0.486317,3.22748,1.77476,1.77419,1.81278,2.35941,2.48244,1.93723,2.19359,3.07392,2.64664,3.31112,2.33445,2.22316,1.98248,2.69191,1.56078,2.48833,2.27992,2.08713,1.6972,2.66427,2.56048,2.8201,1.7021,0.954052,1.68481,2.59519,1.95385,1.3716,2.12743,2.03627,2.94042,0.911355,1.48262,1.65095,2.413,1.26591,3.02962,2.50045,1.45624,3.08993,2.44902,1.93528,2.37842,1.99656,2.4568,2.48913,1.71306,3.49844,2.17654,1.98869,1.80325,2.16893,3.14897,3.01941,1.83611,2.24477,2.54822,1.19558,1.33597,1.17124,0.959957,0.946611,2.9093,0.853044,1.03784
0.421888,0.598326,0.458087,0.766586,2.56638,0.930884,0.733273,1.08856,0.965539,1.55404,1.15874,1.95873,1.81645,1.61347,0.830348,2.24433,0.64995,0.383226,1.42622,1.56242,0.829263,1.88441,2.97913,0.640457,0.47329,2.24468,0.81433,1.01509,2.3343,1.84146,2.52988,1.03924,1.78655,1.04177,3.30841,2.10258,2.00257,2.78756,0.900066,1.71777,2.27517,1.71679,2.40776,3.48335,2.26565,2.1579,1.91759,1.46793,2.36997,2.39889,1.68704,0.621324,1.04422,1.65202,0.729853,2.41806,1.94955,1.4085,1.38026,1.07026,2.98885,0.966438,2.39769,1.23648,0.947728,0.96948,1.38356,0.887507,2.60555,1.80001,2.62679,0.841241,1.6148,2.01401,1.24019,3.62125,2.25476,0.647053,2.89344,1.95162,2.20298,1.94409,2.08122,1.5338,2.32234,1.52883,2.47302,2.89868,1.71247,2.65894,2.34413,2.44461,1.62041,2.438,2.85978,2.42139,0.128685,1.87974,0.351442,0.845088
NaN,NaN,NaN,NaN,NaN,NaN,NaN,NaN,NaN,NaN,NaN,NaN,NaN,NaN,NaN,NaN,NaN,NaN,NaN,NaN,NaN,NaN,NaN,NaN,NaN,NaN,NaN,NaN,NaN,NaN,NaN,NaN,NaN,NaN,NaN,NaN,NaN,NaN,NaN,NaN,NaN,NaN,NaN,NaN,NaN,NaN,NaN,NaN,NaN,NaN,NaN,NaN,NaN,NaN,NaN,NaN,NaN,NaN,NaN,NaN,NaN,NaN,NaN,NaN,NaN,NaN,NaN,NaN,NaN,NaN,NaN,NaN,NaN,NaN,NaN,NaN,NaN,NaN,NaN,NaN,NaN,NaN,NaN,NaN,NaN,NaN,NaN,NaN,NaN,NaN,NaN,NaN,NaN,NaN,NaN,NaN,NaN,NaN,NaN,NaN
